model,dataset,epochs,lr1,lr2,wd1,wd2,channels,edge_drop_rate,feat_mask_rate,accuracy
CLGR,Cora,50,0.001,0.005,0.0,0.0001,256,0.5,0.2,0.8376000493764877
CLGR,Cora,100,0.001,0.005,0.0,0.0001,256,0.5,0.2,0.837000036239624
CLGR,Cora,200,0.001,0.005,0.0,0.0001,256,0.5,0.2,0.8251500368118286
CLGR,Cora,400,0.001,0.005,0.0,0.0001,256,0.5,0.2,0.7838500380516052
CLGR,Cora,600,0.001,0.005,0.0,0.0001,256,0.5,0.2,0.7363500386476517
CLGR,Cora,800,0.001,0.005,0.0,0.0001,256,0.5,0.2,0.7173500269651413
CLGR,Cora,1000,0.001,0.005,0.0,0.0001,256,0.5,0.2,0.6977500319480896
CLGR,Cora,1500,0.001,0.005,0.0,0.0001,256,0.5,0.2,0.6784000307321548
CLGR,Cora,2000,0.001,0.005,0.0,0.0001,256,0.5,0.2,0.6628000289201736
