model,dataset,epochs,lr1,lr2,wd1,wd2,channels,edge_drop_rate,feat_mask_rate,accuracy
CLGR,PubMed,50,0.001,0.01,0.0,0.0001,512,0.5,0.3,0.8149000346660614
CLGR,PubMed,100,0.001,0.01,0.0,0.0001,512,0.5,0.3,0.8184500396251678
CLGR,PubMed,200,0.001,0.01,0.0,0.0001,512,0.5,0.3,0.8185500383377076
CLGR,PubMed,400,0.001,0.01,0.0,0.0001,512,0.5,0.3,0.8280000418424607
CLGR,PubMed,600,0.001,0.01,0.0,0.0001,512,0.5,0.3,0.8303000390529632
CLGR,PubMed,800,0.001,0.01,0.0,0.0001,512,0.5,0.3,0.8293500423431397
CLGR,PubMed,1000,0.001,0.01,0.0,0.0001,512,0.5,0.3,0.8207500457763672
CLGR,PubMed,1500,0.001,0.01,0.0,0.0001,512,0.5,0.3,0.8036000430583954
