model,dataset,epochs,lr1,lr2,wd1,wd2,channels,edge_drop_rate,feat_mask_rate,accuracy
CLGR,CiteSeer,50,0.001,0.01,0.0,0.01,128,0.5,0.2,0.7233000278472901
CLGR,CiteSeer,100,0.001,0.01,0.0,0.01,128,0.5,0.2,0.7199000358581543
CLGR,CiteSeer,200,0.001,0.01,0.0,0.01,128,0.5,0.2,0.6864000380039215
CLGR,CiteSeer,400,0.001,0.01,0.0,0.01,128,0.5,0.2,0.6433000296354294
CLGR,CiteSeer,600,0.001,0.01,0.0,0.01,128,0.5,0.2,0.6277000278234481
CLGR,CiteSeer,800,0.001,0.01,0.0,0.01,128,0.5,0.2,0.6178000271320343
CLGR,CiteSeer,1000,0.001,0.01,0.0,0.01,128,0.5,0.2,0.6148500263690948
CLGR,CiteSeer,1500,0.001,0.01,0.0,0.01,128,0.5,0.2,0.6085000336170197
CLGR,CiteSeer,2000,0.001,0.01,0.0,0.01,128,0.5,0.2,0.6038500279188156
