model,dataset,ratio,accuracy
SelfGCon,CiteSeer,0.009999999776482582,0.7225000321865082
SelfGCon,CiteSeer,0.13111111521720886,0.7248500287532806
SelfGCon,CiteSeer,0.2522222399711609,0.7238000333309174
SelfGCon,CiteSeer,0.3733333647251129,0.7255500465631485
SelfGCon,CiteSeer,0.49444445967674255,0.7243000358343125
SelfGCon,CiteSeer,0.6155555248260498,0.725500026345253
SelfGCon,CiteSeer,0.7366666793823242,0.7267000317573548
SelfGCon,CiteSeer,0.8577777743339539,0.7253000319004059
SelfGCon,CiteSeer,0.9788889288902283,0.7255500376224517
