model,dataset,ratio,accuracy
SelfGCon,PubMed,0.009999999776482582,0.8107500344514846
SelfGCon,PubMed,0.13111111521720886,0.8131500363349915
SelfGCon,PubMed,0.2522222399711609,0.8116000413894653
SelfGCon,PubMed,0.3733333647251129,0.8131500393152237
SelfGCon,PubMed,0.49444445967674255,0.8133500337600708
SelfGCon,PubMed,0.6155555248260498,0.8142500460147858
SelfGCon,PubMed,0.7366666793823242,0.8135500431060791
SelfGCon,PubMed,0.8577777743339539,0.8098000347614288
SelfGCon,PubMed,0.9788889288902283,0.8116500347852706
