model,dataset,ratio,accuracy
SelfGCon,Cora,0.009999999776482582,0.8410500377416611
SelfGCon,Cora,0.13111111521720886,0.8409500479698181
SelfGCon,Cora,0.2522222399711609,0.8403000384569168
SelfGCon,Cora,0.3733333647251129,0.8428000420331955
SelfGCon,Cora,0.49444445967674255,0.8423500448465348
SelfGCon,Cora,0.6155555248260498,0.841300043463707
SelfGCon,Cora,0.7366666793823242,0.8403500437736511
SelfGCon,Cora,0.8577777743339539,0.8409500420093536
SelfGCon,Cora,0.9788889288902283,0.8391500383615493
