model,dataset,ratio,accuracy,std
SelfGCon,Cora,0.01,0.8399500370025634,0.004893341591870089
SelfGCon,Cora,0.1,0.8408000379800796,0.00725911307722024
SelfGCon,Cora,0.5,0.8417500436306,0.004711405431626862
SelfGCon,Cora,1.0,0.8421000421047211,0.006781556731381436
