model,dataset,ratio,accuracy,std
SelfGCon,PubMed,0.01,0.8102500438690186,0.008656458369996874
SelfGCon,PubMed,0.1,0.8136000394821167,0.0077758055526289645
SelfGCon,PubMed,0.5,0.813450038433075,0.008568454829888683
SelfGCon,PubMed,1.0,0.8147500395774842,0.00537905206708785
