model,dataset,silhouette,davies,c-h
SelfGCon,Cora,0.08313427,2.4792489106379327,51.721201906856486
