model,dataset,silhouette,davies,c-h
SelfGCon,CiteSeer,0.03743402,5.06891087036093,29.546569602234413
